,HDI Rank (2018),Country Name,1990_HDI,1991_HDI,1992_HDI,1993_HDI,1994_HDI,1995_HDI,1996_HDI,1997_HDI,1998_HDI,1999_HDI,2000_HDI,2001_HDI,2002_HDI,2003_HDI,2004_HDI,2005_HDI,2006_HDI,2007_HDI,2008_HDI,2009_HDI,2010_HDI,2011_HDI,2012_HDI,2013_HDI,2014_HDI,2015_HDI,Country Code,1990_RE,1991_RE,1992_RE,1993_RE,1994_RE,1995_RE,1996_RE,1997_RE,1998_RE,1999_RE,2000_RE,2001_RE,2002_RE,2003_RE,2004_RE,2005_RE,2006_RE,2007_RE,2008_RE,2009_RE,2010_RE,2011_RE,2012_RE,2013_RE,2014_RE,2015_RE
0,170.0,Afghanistan,0.30,0.30,0.31,0.31,0.30,0.33,0.33,0.34,0.34,0.34,0.34,0.35,0.38,0.39,0.40,0.41,0.42,0.43,0.44,0.45,0.46,0.47,0.48,0.48,0.49,0.49,AFG,15.92,17.04,26.52,30.59,32.80,35.08,37.95,41.43,44.09,52.19,54.24,54.06,43.77,42.28,49.84,40.86,37.14,33.86,21.34,17.81,14.84,11.48,13.97,16.33,19.31,18.42
1,69.0,Albania,0.64,0.62,0.61,0.61,0.62,0.63,0.64,0.64,0.65,0.66,0.67,0.67,0.68,0.69,0.69,0.70,0.71,0.72,0.72,0.73,0.74,0.76,0.77,0.78,0.79,0.79,ALB,25.52,33.00,46.81,51.15,51.46,50.61,51.64,55.95,49.98,42.72,41.45,39.13,35.90,33.75,35.94,36.87,31.71,32.10,35.91,37.22,37.12,35.96,40.05,41.29,38.69,38.62
2,82.0,Algeria,0.58,0.58,0.59,0.59,0.60,0.60,0.61,0.62,0.63,0.64,0.65,0.66,0.67,0.68,0.69,0.69,0.70,0.71,0.71,0.72,0.73,0.74,0.74,0.75,0.75,0.75,DZA,0.18,0.32,0.29,0.48,0.40,0.42,0.39,0.47,0.54,0.51,0.43,0.43,0.51,0.47,0.44,0.58,0.41,0.41,0.30,0.31,0.26,0.18,0.19,0.14,0.07,0.06
3,36.0,Andorra,0.00,0.00,0.00,0.00,0.00,0.00,0.00,0.00,0.00,0.00,0.76,0.77,0.78,0.82,0.83,0.82,0.83,0.83,0.83,0.83,0.83,0.83,0.85,0.85,0.85,0.85,AND,14.27,14.27,14.31,13.92,14.56,14.48,14.10,14.19,14.46,14.55,14.89,15.77,16.22,16.91,16.87,16.90,17.49,16.94,17.42,17.52,19.09,18.97,19.20,19.56,19.89,19.75
4,149.0,Angola,0.00,0.00,0.00,0.00,0.00,0.00,0.00,0.00,0.00,0.38,0.39,0.40,0.42,0.43,0.44,0.45,0.47,0.48,0.49,0.51,0.51,0.53,0.54,0.55,0.56,0.56,AGO,72.26,71.89,72.72,71.28,72.22,73.95,73.14,73.73,76.82,73.41,74.62,73.76,72.13,67.31,65.49,70.95,65.02,61.60,58.11,55.75,54.19,52.72,52.25,50.69,50.80,49.57
5,74.0,Antigua and Barbuda,0.00,0.00,0.00,0.00,0.00,0.00,0.00,0.00,0.00,0.00,0.00,0.00,0.00,0.00,0.00,0.77,0.78,0.78,0.78,0.78,0.77,0.76,0.77,0.77,0.77,0.77,ATG,0.00,0.00,0.00,0.00,0.00,0.00,0.00,0.00,0.00,0.00,0.00,0.00,0.00,0.00,0.00,0.00,0.00,0.00,0.00,0.00,0.00,0.00,0.00,0.00,0.00,0.00
6,48.0,Argentina,0.71,0.71,0.72,0.72,0.73,0.73,0.74,0.75,0.75,0.76,0.77,0.78,0.77,0.78,0.78,0.78,0.80,0.81,0.81,0.81,0.82,0.82,0.82,0.82,0.82,0.83,ARG,8.92,8.75,9.47,10.13,10.73,11.21,10.19,11.00,11.34,10.31,11.08,13.04,13.29,12.52,8.35,8.96,10.19,8.89,7.61,8.57,8.96,10.12,9.87,10.21,10.90,10.04
7,81.0,Armenia,0.63,0.63,0.58,0.59,0.60,0.60,0.61,0.62,0.64,0.64,0.65,0.65,0.66,0.67,0.68,0.69,0.71,0.72,0.73,0.72,0.73,0.73,0.74,0.74,0.75,0.75,ARM,2.12,2.31,6.68,12.94,17.76,9.27,12.47,10.12,9.38,8.36,7.16,5.42,8.90,9.81,8.71,6.49,7.65,7.02,6.41,7.80,9.36,8.01,6.57,6.77,7.72,15.79
8,6.0,Australia,0.87,0.87,0.87,0.87,0.88,0.88,0.89,0.89,0.89,0.90,0.90,0.90,0.90,0.90,0.91,0.90,0.91,0.91,0.92,0.92,0.93,0.93,0.93,0.93,0.93,0.93,AUS,8.01,8.25,7.52,8.62,8.26,8.22,8.87,9.08,8.60,8.51,8.42,8.37,8.74,7.15,6.68,6.71,6.85,6.95,6.79,7.11,8.11,8.26,8.25,9.09,9.28,9.18
9,20.0,Austria,0.80,0.80,0.81,0.81,0.81,0.82,0.82,0.82,0.83,0.83,0.84,0.85,0.84,0.84,0.85,0.85,0.86,0.88,0.88,0.89,0.90,0.90,0.90,0.90,0.90,0.91,AUT,25.14,24.50,26.14,26.36,25.68,25.63,24.04,24.87,24.41,26.44,26.39,25.48,24.68,22.58,23.22,24.17,26.25,28.60,29.36,30.51,30.66,30.99,33.43,34.68,35.39,34.39
10,87.0,Azerbaijan,0.00,0.00,0.00,0.00,0.00,0.61,0.61,0.62,0.63,0.63,0.64,0.65,0.66,0.67,0.67,0.68,0.71,0.71,0.72,0.73,0.73,0.73,0.74,0.74,0.75,0.75,AZE,0.72,0.80,1.22,1.98,1.52,1.37,1.74,1.99,2.48,2.14,2.07,1.75,2.35,2.94,3.07,3.37,2.86,3.79,3.09,3.27,4.45,3.56,2.85,2.53,2.12,2.31
12,45.0,Bahrain,0.74,0.76,0.76,0.76,0.77,0.78,0.78,0.78,0.78,0.79,0.79,0.79,0.79,0.79,0.79,0.79,0.79,0.80,0.80,0.79,0.80,0.80,0.80,0.81,0.81,0.83,BHR,0.00,0.00,0.00,0.00,0.00,0.00,0.00,0.00,0.00,0.00,0.00,0.00,0.00,0.00,0.00,0.00,0.00,0.00,0.00,0.00,0.00,0.00,0.00,0.00,0.00,0.00
13,135.0,Bangladesh,0.39,0.40,0.40,0.41,0.42,0.43,0.44,0.44,0.45,0.46,0.47,0.48,0.48,0.49,0.50,0.51,0.51,0.52,0.52,0.54,0.55,0.56,0.57,0.57,0.57,0.59,BGD,71.66,73.16,71.66,70.56,68.98,63.80,62.12,59.97,60.23,60.53,59.01,55.79,54.32,52.64,52.12,50.78,48.90,47.48,45.58,43.69,41.05,39.44,38.61,38.76,37.63,34.75
14,56.0,Barbados,0.73,0.73,0.73,0.74,0.74,0.75,0.75,0.76,0.76,0.76,0.77,0.77,0.77,0.78,0.78,0.79,0.79,0.80,0.80,0.80,0.80,0.80,0.81,0.81,0.81,0.81,BRB,18.94,18.48,16.98,15.12,15.11,16.03,16.81,16.40,12.14,12.81,13.62,12.29,11.07,9.95,9.93,9.91,9.90,9.71,8.63,9.38,9.03,4.58,4.13,3.40,3.16,2.79
15,50.0,Belarus,0.00,0.00,0.00,0.00,0.00,0.66,0.66,0.67,0.67,0.68,0.68,0.69,0.70,0.70,0.71,0.72,0.74,0.76,0.77,0.78,0.79,0.80,0.80,0.81,0.81,0.81,BLR,0.82,0.90,1.05,1.25,2.07,2.53,3.10,3.39,3.64,3.98,4.98,5.53,5.76,5.60,5.66,6.15,6.49,6.62,6.49,6.78,7.02,7.38,7.25,7.01,6.63,6.77
16,17.0,Belgium,0.81,0.81,0.82,0.84,0.84,0.85,0.86,0.86,0.87,0.87,0.87,0.88,0.88,0.88,0.89,0.89,0.90,0.90,0.90,0.90,0.90,0.90,0.91,0.91,0.91,0.91,BEL,1.27,1.22,1.19,0.96,0.94,1.26,1.18,1.15,1.29,1.40,1.45,1.58,1.69,1.89,2.02,2.47,2.83,3.33,3.91,4.83,5.84,6.63,7.76,8.13,9.07,9.20
17,103.0,Belize,0.61,0.62,0.62,0.63,0.63,0.63,0.63,0.63,0.63,0.64,0.64,0.65,0.66,0.66,0.67,0.67,0.68,0.68,0.68,0.69,0.69,0.70,0.71,0.71,0.71,0.71,BLZ,38.01,32.44,36.29,35.60,34.08,34.92,42.68,36.66,35.32,35.03,34.55,29.61,31.19,30.17,32.02,31.01,36.80,32.31,34.06,26.62,33.71,31.02,37.11,34.66,36.91,35.02
18,163.0,Benin,0.35,0.35,0.36,0.36,0.37,0.37,0.38,0.38,0.39,0.39,0.40,0.41,0.42,0.43,0.43,0.44,0.45,0.46,0.46,0.47,0.47,0.48,0.49,0.50,0.51,0.51,BEN,93.70,94.96,94.85,94.99,94.98,94.77,84.15,80.63,79.57,76.91,70.29,66.85,64.04,61.73,60.69,59.19,57.30,54.49,54.76,52.83,48.12,49.45,51.15,52.71,52.54,50.86
19,134.0,Bhutan,0.00,0.00,0.00,0.00,0.00,0.00,0.00,0.00,0.00,0.00,0.00,0.00,0.00,0.00,0.00,0.51,0.52,0.54,0.55,0.56,0.57,0.58,0.59,0.59,0.60,0.61,BTN,95.90,95.92,95.29,95.86,95.29,94.37,93.24,91.35,91.53,91.57,91.40,91.75,91.20,91.92,93.45,91.66,91.92,92.19,92.00,92.61,90.89,89.61,88.04,87.04,87.03,86.90
21,75.0,Bosnia and Herzegovina,0.00,0.00,0.00,0.00,0.00,0.00,0.00,0.00,0.00,0.00,0.67,0.68,0.68,0.69,0.69,0.70,0.71,0.71,0.72,0.72,0.71,0.72,0.74,0.75,0.75,0.76,BIH,7.30,8.76,11.57,14.61,33.39,33.22,32.85,27.60,26.74,28.43,19.35,20.27,21.21,20.14,20.10,19.74,18.12,14.84,14.28,17.43,19.57,14.16,15.28,19.48,41.75,40.75
22,94.0,Botswana,0.57,0.58,0.57,0.57,0.57,0.57,0.57,0.57,0.58,0.58,0.58,0.58,0.58,0.58,0.59,0.60,0.61,0.62,0.64,0.65,0.66,0.68,0.69,0.70,0.71,0.71,BWA,47.58,48.08,44.71,45.89,48.27,47.17,44.69,44.00,37.40,39.83,36.56,35.67,34.25,34.23,32.12,30.76,29.37,27.67,27.16,28.28,30.19,30.00,29.75,29.22,28.80,28.88
23,79.0,Brazil,0.61,0.62,0.63,0.63,0.64,0.65,0.66,0.66,0.67,0.68,0.68,0.69,0.70,0.69,0.70,0.70,0.70,0.70,0.72,0.72,0.73,0.73,0.73,0.75,0.76,0.76,BRA,49.86,48.94,48.70,48.20,48.35,46.13,44.53,43.73,43.86,44.10,42.80,41.48,43.02,45.31,45.39,46.35,46.91,47.42,47.26,49.11,47.01,45.47,43.62,42.45,41.84,43.79
24,43.0,Brunei Darussalam,0.77,0.77,0.78,0.78,0.79,0.79,0.79,0.80,0.80,0.80,0.81,0.81,0.81,0.81,0.82,0.82,0.83,0.83,0.83,0.83,0.83,0.84,0.84,0.84,0.84,0.84,BRN,0.67,0.43,0.21,0.00,0.00,0.00,0.00,0.00,0.00,0.00,0.00,0.00,0.00,0.00,0.00,0.00,0.00,0.00,0.00,0.00,0.00,0.02,0.01,0.01,0.01,0.01
25,52.0,Bulgaria,0.69,0.69,0.69,0.69,0.69,0.70,0.70,0.70,0.71,0.71,0.71,0.72,0.73,0.74,0.74,0.75,0.76,0.76,0.77,0.77,0.78,0.78,0.79,0.79,0.80,0.81,BGR,1.92,2.25,2.68,2.47,2.38,3.11,3.55,3.81,5.89,6.63,7.98,7.28,8.73,9.16,9.60,9.89,10.00,8.87,9.95,11.66,14.37,13.28,15.75,18.16,16.97,17.65
26,182.0,Burkina Faso,0.00,0.00,0.00,0.00,0.00,0.00,0.00,0.00,0.00,0.00,0.29,0.29,0.30,0.30,0.31,0.32,0.33,0.34,0.36,0.37,0.38,0.39,0.39,0.40,0.41,0.41,BFA,93.16,93.25,93.29,93.48,93.61,93.14,92.16,91.39,91.01,86.85,85.41,83.68,79.34,79.08,83.53,86.54,84.62,82.43,82.94,83.60,81.45,80.57,77.18,75.43,75.24,74.17
27,185.0,Burundi,0.29,0.30,0.29,0.29,0.29,0.29,0.28,0.28,0.29,0.29,0.29,0.29,0.30,0.31,0.32,0.33,0.35,0.36,0.38,0.39,0.40,0.41,0.42,0.42,0.43,0.43,BDI,95.20,94.24,95.00,94.91,95.12,95.11,95.19,95.24,95.26,93.75,93.23,96.23,96.16,97.02,97.27,97.29,96.86,96.89,96.85,96.92,96.76,96.59,93.96,94.07,94.60,95.68
28,126.0,Cabo Verde,0.00,0.00,0.00,0.00,0.00,0.00,0.00,0.00,0.00,0.00,0.56,0.57,0.58,0.58,0.59,0.59,0.61,0.61,0.62,0.62,0.63,0.63,0.63,0.64,0.64,0.64,CPV,36.63,38.09,37.96,39.48,40.41,39.08,36.16,36.58,35.25,31.17,28.98,28.18,27.86,35.25,33.96,26.61,25.07,24.96,27.61,26.16,21.74,21.62,24.40,26.13,26.20,26.58
30,150.0,Cameroon,0.45,0.44,0.44,0.43,0.43,0.43,0.43,0.43,0.43,0.43,0.44,0.46,0.46,0.46,0.47,0.47,0.47,0.48,0.49,0.50,0.47,0.51,0.52,0.53,0.54,0.55,CMR,81.59,83.19,84.43,83.94,83.61,84.48,84.94,84.58,84.38,86.13,84.48,85.20,85.21,85.25,85.46,86.23,85.43,80.71,80.71,79.09,78.60,78.37,78.05,77.61,76.98,76.54
31,13.0,Canada,0.85,0.85,0.86,0.85,0.86,0.86,0.86,0.86,0.86,0.86,0.87,0.87,0.88,0.88,0.89,0.89,0.90,0.89,0.89,0.89,0.90,0.90,0.91,0.91,0.91,0.92,CAN,22.02,22.20,21.93,21.80,21.69,21.92,21.58,21.31,21.52,21.71,21.51,21.01,21.77,21.18,21.58,22.25,22.09,22.13,22.53,22.70,22.08,21.97,22.61,22.38,22.02,22.03
32,188.0,Central African Republic,0.32,0.31,0.30,0.30,0.30,0.30,0.30,0.30,0.31,0.31,0.31,0.31,0.31,0.31,0.32,0.32,0.33,0.33,0.34,0.35,0.35,0.36,0.37,0.35,0.35,0.36,CAF,93.49,93.75,94.11,93.81,93.19,93.05,91.66,91.86,89.02,85.41,85.07,84.86,84.86,85.53,85.65,85.65,84.80,80.86,80.58,80.58,79.81,78.77,78.03,77.08,76.90,76.57
33,187.0,Chad,0.00,0.00,0.00,0.00,0.00,0.00,0.00,0.00,0.00,0.00,0.30,0.31,0.31,0.31,0.33,0.33,0.34,0.34,0.35,0.37,0.37,0.39,0.39,0.40,0.41,0.40,TCD,98.16,98.30,98.23,98.17,98.12,98.14,98.09,97.92,97.60,97.30,97.16,97.26,97.26,91.97,92.12,91.73,91.81,90.71,90.07,91.05,90.79,90.60,90.65,89.46,89.24,89.36
34,42.0,Chile,0.70,0.71,0.72,0.71,0.72,0.72,0.73,0.74,0.74,0.75,0.75,0.76,0.77,0.77,0.78,0.79,0.79,0.80,0.81,0.82,0.80,0.81,0.82,0.83,0.83,0.84,CHL,34.03,37.27,38.62,35.77,34.82,34.17,32.23,29.95,29.75,29.05,31.36,32.15,33.07,31.61,31.43,32.26,32.91,30.46,30.83,31.53,27.04,28.79,30.30,30.18,26.72,24.88
35,85.0,China,0.50,0.51,0.52,0.53,0.54,0.55,0.56,0.57,0.57,0.58,0.59,0.60,0.61,0.62,0.63,0.64,0.66,0.67,0.68,0.69,0.70,0.71,0.72,0.73,0.73,0.74,CHN,34.08,33.26,32.93,31.68,31.25,29.47,30.54,30.18,29.74,30.51,29.73,28.46,27.10,23.95,20.25,18.20,17.09,15.35,14.60,13.91,12.88,11.70,11.97,11.84,12.22,12.41
36,79.0,Colombia,0.60,0.60,0.61,0.62,0.63,0.63,0.64,0.65,0.66,0.66,0.66,0.66,0.67,0.67,0.68,0.69,0.70,0.71,0.72,0.72,0.73,0.73,0.74,0.75,0.75,0.75,COL,38.25,37.00,33.23,33.20,33.97,33.70,33.78,25.80,25.94,29.14,28.03,27.23,28.79,30.69,29.16,28.73,28.98,29.66,28.96,29.55,27.93,26.78,26.64,24.47,24.44,23.56
37,156.0,Comoros,0.00,0.00,0.00,0.00,0.00,0.00,0.00,0.00,0.00,0.00,0.46,0.46,0.47,0.47,0.47,0.48,0.49,0.49,0.50,0.51,0.51,0.52,0.53,0.53,0.53,0.54,COM,49.84,50.71,50.24,49.95,59.96,59.54,60.80,59.78,49.96,49.59,48.25,47.95,48.45,42.87,41.84,44.28,43.37,50.11,50.95,49.82,46.41,47.79,48.01,44.08,46.62,45.33
40,68.0,Costa Rica,0.66,0.66,0.67,0.68,0.68,0.69,0.69,0.70,0.70,0.71,0.71,0.71,0.72,0.72,0.72,0.73,0.73,0.74,0.75,0.75,0.75,0.77,0.77,0.78,0.79,0.79,CRI,45.38,44.69,35.03,36.26,35.80,34.97,36.65,33.56,28.89,29.89,32.95,32.11,32.65,33.66,39.50,42.06,42.26,42.84,43.13,42.27,42.31,40.50,38.62,38.07,37.84,38.73
41,46.0,Croatia,0.67,0.67,0.67,0.67,0.68,0.70,0.71,0.72,0.73,0.74,0.75,0.76,0.77,0.77,0.78,0.79,0.79,0.80,0.81,0.80,0.81,0.82,0.82,0.82,0.83,0.83,HRV,21.92,33.35,29.81,29.90,30.10,30.38,34.13,29.21,28.11,27.81,26.79,26.95,24.63,24.84,26.59,26.84,25.52,22.67,24.16,27.18,29.78,27.19,29.42,32.84,33.65,33.13
42,72.0,Cuba,0.68,0.67,0.66,0.66,0.65,0.65,0.67,0.67,0.67,0.68,0.69,0.69,0.69,0.70,0.72,0.73,0.75,0.77,0.78,0.78,0.78,0.78,0.76,0.76,0.76,0.77,CUB,42.89,47.17,51.31,46.87,45.78,41.25,41.43,36.82,34.82,33.72,34.43,34.05,34.81,33.57,33.78,26.32,21.97,18.59,18.73,16.12,13.16,16.68,17.10,16.89,18.80,19.28
43,31.0,Cyprus,0.73,0.73,0.74,0.78,0.78,0.78,0.79,0.79,0.80,0.80,0.80,0.81,0.81,0.82,0.83,0.83,0.84,0.84,0.85,0.85,0.85,0.85,0.85,0.85,0.86,0.86,CYP,0.50,0.37,0.35,0.33,0.72,3.35,3.36,3.29,3.26,3.23,3.10,3.05,3.18,3.26,3.30,3.36,3.51,4.36,5.49,5.98,6.35,7.42,8.34,9.50,9.36,9.94
46,11.0,Denmark,0.80,0.80,0.81,0.81,0.82,0.83,0.84,0.84,0.85,0.86,0.86,0.88,0.88,0.89,0.90,0.90,0.91,0.90,0.91,0.91,0.91,0.92,0.92,0.93,0.93,0.93,DNK,7.04,7.07,7.75,7.70,7.33,7.51,7.26,8.10,8.52,9.07,10.74,11.12,11.87,12.72,14.45,16.13,15.27,17.70,18.55,19.34,21.35,23.90,27.28,27.34,30.27,33.17
47,171.0,Djibouti,0.00,0.00,0.00,0.00,0.00,0.35,0.35,0.35,0.36,0.36,0.36,0.37,0.38,0.39,0.39,0.40,0.41,0.42,0.43,0.44,0.45,0.45,0.46,0.47,0.47,0.48,DJI,26.59,27.21,28.17,29.05,30.95,31.17,32.03,31.56,31.95,32.68,31.44,31.68,32.44,32.88,33.62,33.09,33.01,32.52,33.14,33.31,34.43,34.44,34.07,34.01,34.15,15.38
48,98.0,Dominica,0.00,0.00,0.00,0.00,0.00,0.00,0.00,0.00,0.00,0.00,0.69,0.70,0.70,0.70,0.70,0.71,0.71,0.71,0.72,0.72,0.73,0.73,0.73,0.73,0.73,0.73,DMA,14.60,14.51,14.49,13.63,13.53,15.65,20.85,15.52,15.01,14.08,11.03,9.39,13.58,10.54,9.99,9.60,8.64,7.75,7.46,8.16,8.91,11.48,9.73,9.88,8.61,7.83
49,89.0,Dominican Republic,0.59,0.60,0.61,0.61,0.62,0.62,0.63,0.64,0.64,0.65,0.65,0.66,0.66,0.66,0.67,0.68,0.68,0.69,0.69,0.69,0.70,0.70,0.71,0.71,0.72,0.73,DOM,28.01,28.16,25.36,26.85,24.44,22.34,20.31,18.25,19.75,19.54,18.42,18.48,15.91,18.67,20.54,19.33,18.43,18.22,17.94,17.55,16.98,17.24,17.05,17.51,18.02,16.48
50,85.0,Ecuador,0.64,0.65,0.65,0.65,0.66,0.66,0.66,0.67,0.67,0.67,0.67,0.67,0.68,0.68,0.69,0.69,0.69,0.71,0.71,0.71,0.72,0.74,0.74,0.75,0.75,0.76,ECU,24.20,24.16,20.80,21.62,20.85,20.35,19.29,16.54,18.19,21.06,20.03,18.43,18.06,17.97,15.97,12.16,12.97,12.81,15.09,13.30,12.11,13.35,13.10,12.68,12.22,13.82
52,124.0,El Salvador,0.53,0.53,0.54,0.56,0.56,0.57,0.58,0.59,0.60,0.60,0.61,0.61,0.62,0.62,0.63,0.64,0.65,0.64,0.65,0.65,0.66,0.66,0.66,0.66,0.66,0.66,SLV,67.14,64.73,61.69,59.34,57.20,54.75,56.94,53.06,51.59,51.01,50.86,50.19,50.74,47.98,47.39,47.19,47.65,33.27,36.93,29.30,30.77,30.31,27.26,28.16,28.27,24.40
53,144.0,Equatorial Guinea,0.00,0.00,0.00,0.00,0.00,0.00,0.00,0.00,0.00,0.00,0.52,0.52,0.54,0.54,0.55,0.57,0.58,0.58,0.59,0.59,0.58,0.58,0.59,0.59,0.59,0.59,GNQ,84.71,83.96,84.01,84.46,83.69,82.48,76.75,66.03,68.02,61.82,52.58,24.10,15.39,14.83,12.32,7.86,6.63,5.68,6.31,6.10,5.95,5.64,5.35,5.96,7.64,7.82
55,30.0,Estonia,0.73,0.72,0.72,0.71,0.71,0.72,0.73,0.75,0.76,0.77,0.78,0.79,0.80,0.81,0.81,0.82,0.83,0.84,0.84,0.84,0.84,0.85,0.86,0.86,0.86,0.87,EST,3.36,3.53,5.91,6.71,9.29,12.32,19.54,19.74,17.75,20.07,19.84,18.94,19.42,19.83,19.99,18.86,17.16,18.57,20.19,24.09,25.13,24.98,24.91,24.48,25.33,27.48
57,173.0,Ethiopia,0.00,0.00,0.00,0.00,0.00,0.00,0.00,0.00,0.00,0.00,0.28,0.30,0.31,0.31,0.33,0.35,0.36,0.38,0.39,0.40,0.41,0.42,0.43,0.44,0.45,0.45,ETH,96.64,96.71,97.74,97.20,96.88,96.62,96.35,96.22,96.10,96.19,95.95,95.08,95.02,94.75,94.66,95.13,94.94,94.57,94.52,94.60,94.52,94.01,93.75,93.00,92.07,92.16
58,98.0,Fiji,0.64,0.65,0.65,0.66,0.66,0.67,0.67,0.67,0.67,0.67,0.68,0.68,0.68,0.68,0.69,0.69,0.69,0.69,0.69,0.69,0.69,0.70,0.70,0.71,0.71,0.72,FJI,53.09,60.07,58.59,59.01,63.78,60.06,59.71,54.96,49.79,56.05,52.88,45.16,51.30,45.82,38.95,43.60,41.41,38.04,45.55,34.99,29.61,33.93,32.79,36.42,34.57,31.26
59,12.0,Finland,0.78,0.79,0.80,0.80,0.81,0.82,0.82,0.83,0.84,0.85,0.86,0.86,0.87,0.87,0.89,0.90,0.90,0.90,0.90,0.90,0.90,0.91,0.91,0.92,0.92,0.92,FIN,24.51,24.03,25.12,26.00,25.13,27.27,26.87,28.83,30.50,30.24,31.67,29.24,29.51,28.34,31.09,31.51,31.24,31.79,34.73,32.60,33.58,35.26,38.80,38.48,41.24,43.24
60,26.0,France,0.78,0.79,0.80,0.80,0.82,0.82,0.83,0.83,0.84,0.84,0.84,0.84,0.84,0.85,0.85,0.86,0.86,0.87,0.87,0.87,0.87,0.88,0.88,0.88,0.89,0.89,FRA,10.41,11.01,11.26,10.86,10.93,10.70,10.49,9.99,9.71,9.78,9.26,9.40,8.67,8.85,8.89,8.60,8.46,9.32,10.47,11.22,11.85,10.91,12.37,13.48,13.35,13.50
61,115.0,Gabon,0.62,0.62,0.62,0.62,0.63,0.63,0.63,0.63,0.64,0.63,0.63,0.63,0.63,0.63,0.63,0.64,0.64,0.64,0.65,0.65,0.66,0.66,0.67,0.68,0.69,0.69,GAB,78.28,75.15,74.78,73.81,72.89,71.94,71.49,69.97,69.67,71.34,72.78,72.42,79.81,83.63,85.77,85.24,86.15,87.35,87.38,88.10,85.88,79.77,75.51,82.23,81.35,82.01
63,70.0,Georgia,0.00,0.00,0.00,0.00,0.00,0.00,0.00,0.00,0.00,0.00,0.67,0.67,0.68,0.69,0.69,0.70,0.71,0.72,0.72,0.73,0.73,0.74,0.75,0.76,0.76,0.77,GEO,12.77,14.12,18.54,26.03,22.70,46.39,42.75,44.36,47.53,49.66,47.25,53.15,56.76,55.33,54.53,41.48,37.22,36.22,36.30,36.72,39.15,31.54,28.69,34.98,31.89,28.66
64,4.0,Germany,0.80,0.81,0.81,0.82,0.83,0.83,0.84,0.84,0.85,0.86,0.87,0.88,0.88,0.89,0.90,0.90,0.91,0.91,0.92,0.92,0.92,0.93,0.93,0.93,0.93,0.93,DEU,2.10,1.99,2.06,2.11,2.27,2.32,2.25,2.82,3.05,3.26,3.70,3.90,4.41,5.06,5.83,6.76,7.75,9.41,8.59,9.63,10.29,11.39,12.02,12.09,13.38,14.21
65,142.0,Ghana,0.45,0.46,0.46,0.47,0.47,0.47,0.47,0.47,0.48,0.48,0.48,0.48,0.49,0.49,0.50,0.51,0.52,0.53,0.54,0.55,0.55,0.56,0.57,0.58,0.58,0.58,GHA,80.63,82.93,81.00,81.30,80.56,79.79,78.83,78.34,73.58,72.78,71.62,69.31,65.68,64.47,62.37,61.43,58.56,54.53,55.86,49.91,49.78,48.01,44.48,44.04,45.05,41.41
66,32.0,Greece,0.75,0.76,0.76,0.76,0.77,0.77,0.77,0.78,0.79,0.79,0.80,0.81,0.82,0.82,0.83,0.84,0.85,0.85,0.86,0.86,0.86,0.85,0.86,0.86,0.87,0.87,GRC,7.81,8.32,7.90,7.99,8.04,8.31,8.21,7.83,7.38,7.83,7.52,6.81,7.02,7.28,7.54,7.72,8.21,7.92,8.11,8.92,11.09,11.09,13.86,16.29,16.09,17.17
67,78.0,Grenada,0.00,0.00,0.00,0.00,0.00,0.00,0.00,0.00,0.00,0.00,0.00,0.00,0.71,0.72,0.72,0.73,0.73,0.74,0.74,0.74,0.74,0.75,0.75,0.75,0.75,0.76,GRD,8.34,8.11,7.74,8.07,7.43,7.42,6.15,8.33,10.11,10.30,10.47,10.40,10.44,10.41,10.54,10.54,10.34,9.88,10.66,10.44,10.50,11.24,11.34,10.89,11.08,10.92
68,126.0,Guatemala,0.48,0.48,0.49,0.49,0.50,0.51,0.52,0.52,0.53,0.54,0.55,0.55,0.56,0.56,0.57,0.57,0.58,0.59,0.59,0.60,0.60,0.61,0.61,0.62,0.64,0.65,GTM,74.97,74.26,72.29,69.92,68.49,65.14,65.73,65.30,62.04,64.61,62.74,61.39,60.54,59.01,57.55,57.33,57.90,57.03,60.78,58.30,66.59,66.42,66.22,64.98,59.90,63.65
69,174.0,Guinea,0.28,0.28,0.29,0.29,0.30,0.30,0.31,0.31,0.32,0.33,0.34,0.34,0.35,0.34,0.36,0.37,0.38,0.39,0.40,0.40,0.41,0.42,0.43,0.44,0.45,0.45,GIN,89.30,89.41,86.33,86.18,85.95,89.93,88.84,85.31,84.36,86.32,85.62,84.93,84.38,83.46,83.19,81.56,81.06,80.36,80.15,79.25,75.71,74.75,76.37,78.53,78.52,76.27
70,178.0,Guinea-Bissau,0.00,0.00,0.00,0.00,0.00,0.00,0.00,0.00,0.00,0.00,0.00,0.00,0.00,0.00,0.00,0.39,0.40,0.41,0.41,0.42,0.43,0.43,0.44,0.44,0.45,0.45,GNB,88.58,88.57,88.51,88.04,88.52,88.55,89.40,88.36,89.02,88.06,91.24,91.21,91.04,89.05,88.55,88.53,88.29,87.90,88.42,87.89,87.81,87.72,87.61,87.42,87.06,86.85
71,123.0,Guyana,0.54,0.53,0.55,0.56,0.57,0.58,0.59,0.59,0.60,0.60,0.61,0.61,0.61,0.61,0.61,0.62,0.62,0.63,0.63,0.63,0.64,0.65,0.65,0.66,0.66,0.66,GUY,42.23,33.31,42.46,44.43,39.71,38.38,38.61,36.93,34.65,35.75,39.50,40.32,43.24,43.40,44.49,43.36,47.27,35.98,34.54,33.70,33.84,36.30,28.26,26.27,24.02,25.26
72,169.0,Haiti,0.41,0.42,0.42,0.42,0.41,0.42,0.43,0.43,0.43,0.44,0.44,0.44,0.44,0.45,0.45,0.45,0.46,0.46,0.46,0.47,0.47,0.47,0.48,0.48,0.49,0.49,HTI,81.12,81.69,83.43,84.61,95.04,81.32,82.18,80.59,79.30,77.06,76.04,73.88,74.75,74.92,71.29,76.90,77.01,75.56,75.77,76.87,79.02,79.01,83.16,82.33,78.39,76.07
73,132.0,Honduras,0.51,0.51,0.51,0.52,0.52,0.53,0.53,0.54,0.55,0.55,0.56,0.56,0.56,0.57,0.57,0.58,0.59,0.59,0.59,0.59,0.60,0.60,0.60,0.60,0.61,0.61,HND,70.13,70.20,67.75,66.73,63.95,62.97,62.63,65.38,62.87,53.76,55.13,50.54,49.56,48.45,48.19,49.81,51.57,50.13,51.16,52.60,53.16,51.97,48.78,49.77,54.04,51.54
75,43.0,Hungary,0.70,0.70,0.71,0.72,0.73,0.74,0.75,0.75,0.75,0.76,0.77,0.78,0.78,0.79,0.80,0.80,0.81,0.81,0.82,0.82,0.83,0.82,0.83,0.83,0.83,0.83,HUN,3.86,4.28,4.89,5.05,5.11,5.42,5.14,5.23,5.19,5.16,5.17,5.12,5.17,5.01,4.63,4.66,5.36,6.14,6.76,8.40,13.46,14.74,16.47,17.20,15.67,15.56
76,6.0,Iceland,0.80,0.82,0.82,0.82,0.83,0.83,0.83,0.84,0.85,0.85,0.86,0.87,0.88,0.88,0.89,0.89,0.89,0.90,0.89,0.89,0.89,0.90,0.91,0.92,0.92,0.93,ISL,54.67,54.79,54.63,54.66,54.14,55.65,52.25,54.88,57.21,59.82,60.66,62.12,61.84,61.88,61.81,62.47,64.02,66.75,73.46,74.12,75.42,76.45,77.34,76.22,76.34,77.03
77,129.0,India,0.43,0.44,0.44,0.45,0.46,0.46,0.47,0.48,0.48,0.49,0.50,0.50,0.51,0.52,0.53,0.54,0.55,0.56,0.56,0.57,0.58,0.59,0.60,0.61,0.62,0.63,IND,58.65,57.60,57.23,56.98,55.56,54.48,53.77,52.49,52.71,51.72,51.58,51.79,50.57,50.84,49.72,48.58,47.44,45.87,43.63,40.77,39.48,38.93,38.39,37.85,36.65,36.02
78,111.0,Indonesia,0.53,0.53,0.54,0.54,0.55,0.56,0.57,0.59,0.59,0.59,0.60,0.61,0.62,0.62,0.63,0.63,0.64,0.64,0.65,0.66,0.67,0.67,0.68,0.69,0.69,0.70,IDN,58.60,57.83,56.82,55.43,52.81,50.10,48.75,47.09,48.30,45.08,45.58,44.31,44.64,42.98,41.42,41.45,39.94,39.97,40.16,38.97,37.75,38.23,38.23,38.11,37.45,36.88
80,120.0,Iraq,0.57,0.53,0.55,0.56,0.57,0.57,0.57,0.58,0.60,0.60,0.61,0.61,0.62,0.60,0.63,0.63,0.64,0.64,0.65,0.65,0.65,0.66,0.66,0.66,0.66,0.67,IRQ,1.60,0.75,0.49,0.39,0.36,0.37,0.35,0.36,0.39,0.38,0.36,0.35,0.32,0.36,0.36,2.30,2.55,2.03,1.19,1.24,1.71,1.07,1.26,1.37,0.91,0.80
81,3.0,Ireland,0.76,0.77,0.77,0.78,0.79,0.80,0.80,0.81,0.84,0.85,0.86,0.86,0.87,0.88,0.89,0.89,0.90,0.90,0.90,0.90,0.89,0.89,0.90,0.91,0.92,0.93,IRL,2.28,2.23,2.16,2.11,2.18,1.92,1.93,1.90,2.28,2.06,2.03,1.97,2.25,2.01,2.31,2.89,3.20,3.56,4.15,5.25,5.27,6.71,6.62,7.40,8.52,9.08
82,22.0,Israel,0.79,0.80,0.81,0.81,0.82,0.82,0.83,0.84,0.84,0.85,0.85,0.86,0.86,0.86,0.87,0.87,0.87,0.88,0.88,0.88,0.89,0.89,0.89,0.90,0.90,0.90,ISR,5.80,6.03,6.24,5.89,5.65,5.44,5.45,5.70,6.07,5.87,5.97,6.30,6.52,6.52,6.71,7.00,6.82,6.65,8.82,8.42,8.50,9.02,2.69,3.32,3.68,3.71
83,29.0,Italy,0.77,0.77,0.78,0.79,0.79,0.80,0.81,0.81,0.82,0.82,0.83,0.84,0.84,0.85,0.85,0.86,0.86,0.87,0.87,0.87,0.87,0.88,0.87,0.87,0.87,0.88,ITA,3.78,4.67,4.84,4.77,5.25,4.46,4.75,4.83,4.76,5.02,5.12,5.38,5.60,6.24,5.94,6.70,7.51,8.73,10.82,12.54,12.79,11.90,14.39,16.32,17.09,16.52
84,96.0,Jamaica,0.64,0.65,0.65,0.66,0.66,0.67,0.67,0.67,0.67,0.67,0.67,0.68,0.68,0.68,0.69,0.70,0.70,0.71,0.73,0.72,0.72,0.72,0.72,0.72,0.72,0.72,JAM,7.63,7.69,8.68,10.54,9.26,10.78,10.12,10.29,9.37,9.33,11.90,11.15,12.73,13.00,11.48,11.32,9.31,9.50,10.76,14.04,13.72,13.88,17.04,15.76,16.12,16.77
85,19.0,Japan,0.82,0.82,0.82,0.83,0.83,0.84,0.84,0.85,0.85,0.85,0.85,0.86,0.86,0.86,0.87,0.87,0.88,0.88,0.88,0.88,0.89,0.89,0.90,0.90,0.90,0.91,JPN,4.55,4.73,4.20,4.44,3.57,3.92,3.84,4.07,4.05,3.83,3.92,3.74,3.70,4.08,4.01,3.65,4.03,3.75,3.98,4.04,4.59,4.69,4.53,4.91,5.63,6.30
86,102.0,Jordan,0.62,0.63,0.65,0.66,0.67,0.68,0.69,0.69,0.69,0.70,0.70,0.71,0.71,0.71,0.72,0.73,0.73,0.73,0.74,0.73,0.73,0.72,0.73,0.72,0.72,0.72,JOR,2.77,2.88,2.53,2.53,2.34,2.22,2.19,2.14,2.20,2.18,2.08,2.12,2.09,1.98,1.83,1.69,2.28,2.33,2.74,2.78,2.97,3.03,2.94,3.15,3.13,3.23
87,50.0,Kazakhstan,0.69,0.68,0.68,0.68,0.67,0.66,0.67,0.67,0.67,0.68,0.69,0.70,0.71,0.72,0.74,0.75,0.75,0.76,0.76,0.76,0.76,0.77,0.78,0.79,0.80,0.81,KAZ,1.41,1.29,1.17,1.34,1.83,1.58,1.63,1.67,1.54,1.79,2.51,2.41,2.77,2.28,1.89,2.09,2.13,1.83,1.15,1.31,1.38,1.38,1.33,1.17,1.31,1.56
88,147.0,Kenya,0.47,0.47,0.46,0.46,0.45,0.45,0.45,0.45,0.45,0.45,0.45,0.45,0.45,0.46,0.47,0.48,0.50,0.51,0.52,0.52,0.53,0.54,0.55,0.55,0.56,0.56,KEN,77.50,78.83,79.44,80.21,80.83,79.51,78.73,79.54,79.68,79.46,79.04,80.24,80.54,83.18,82.27,81.23,79.77,80.26,80.48,78.15,76.27,77.08,78.50,77.14,75.52,72.66
89,132.0,Kiribati,0.00,0.00,0.00,0.00,0.00,0.00,0.00,0.00,0.00,0.00,0.56,0.58,0.58,0.59,0.58,0.58,0.58,0.58,0.59,0.58,0.59,0.59,0.60,0.60,0.61,0.62,KIR,5.22,5.10,5.03,4.24,4.45,4.30,3.75,4.21,4.18,4.33,4.85,5.23,3.81,3.93,3.78,2.79,2.51,3.11,2.67,3.08,3.46,3.57,3.28,3.03,3.47,4.25
91,57.0,Kuwait,0.71,0.67,0.67,0.69,0.72,0.75,0.77,0.78,0.78,0.79,0.79,0.79,0.79,0.79,0.79,0.78,0.79,0.79,0.79,0.79,0.79,0.80,0.80,0.80,0.80,0.81,KWT,0.17,0.35,0.17,0.06,0.04,0.12,0.07,0.00,0.00,0.00,0.00,0.00,0.00,0.00,0.00,0.00,0.00,0.00,0.00,0.00,0.00,0.00,0.00,0.00,0.00,0.00
94,39.0,Latvia,0.70,0.69,0.67,0.66,0.66,0.67,0.68,0.69,0.70,0.72,0.73,0.74,0.76,0.77,0.79,0.80,0.81,0.82,0.82,0.82,0.82,0.82,0.82,0.83,0.84,0.84,LVA,17.57,18.68,21.59,25.38,28.34,32.43,32.03,32.89,35.35,36.33,35.82,35.35,34.38,34.34,36.11,36.30,34.00,33.08,33.70,38.39,33.06,35.53,40.37,39.60,40.24,38.10
95,93.0,Lebanon,0.00,0.00,0.00,0.00,0.00,0.00,0.00,0.00,0.00,0.00,0.00,0.00,0.00,0.00,0.00,0.72,0.72,0.74,0.74,0.75,0.75,0.75,0.74,0.74,0.73,0.73,LBN,11.34,8.53,8.04,5.46,5.36,4.53,5.03,4.70,5.54,4.26,4.91,4.42,5.74,7.46,6.52,6.92,7.50,8.56,5.67,4.28,5.20,5.18,4.94,5.72,3.23,3.65
96,164.0,Lesotho,0.49,0.49,0.48,0.48,0.48,0.47,0.47,0.46,0.45,0.45,0.44,0.45,0.44,0.44,0.43,0.43,0.43,0.44,0.45,0.46,0.46,0.47,0.48,0.49,0.49,0.50,LSO,52.03,51.95,51.36,50.99,50.81,50.78,50.79,50.60,50.62,56.88,56.70,56.50,56.16,55.94,55.41,55.31,55.46,55.33,54.99,53.98,53.45,53.14,52.41,52.30,51.39,52.14
97,176.0,Liberia,0.00,0.00,0.00,0.00,0.00,0.00,0.00,0.00,0.00,0.36,0.42,0.42,0.42,0.40,0.41,0.42,0.42,0.43,0.44,0.44,0.44,0.46,0.46,0.46,0.46,0.46,LBR,88.82,90.07,88.93,87.44,86.85,86.60,86.99,87.65,88.00,90.05,90.83,90.72,91.40,90.72,90.18,88.23,87.63,89.85,91.49,91.51,89.21,87.37,85.18,86.99,83.94,83.85
98,110.0,Libya,0.68,0.69,0.69,0.69,0.70,0.70,0.71,0.72,0.72,0.72,0.73,0.73,0.74,0.74,0.74,0.75,0.75,0.75,0.76,0.76,0.76,0.71,0.74,0.71,0.69,0.69,LBY,3.13,3.01,2.89,2.70,2.36,2.19,2.10,2.12,2.15,2.04,2.04,2.02,1.97,1.95,1.87,1.81,1.88,2.00,1.88,1.72,1.57,2.23,1.91,1.72,1.75,1.97
100,34.0,Lithuania,0.73,0.73,0.71,0.70,0.70,0.70,0.71,0.72,0.74,0.74,0.76,0.77,0.78,0.79,0.80,0.81,0.82,0.83,0.83,0.82,0.82,0.83,0.83,0.84,0.85,0.85,LTU,3.10,2.89,4.61,8.89,9.82,10.34,11.47,11.62,12.93,14.97,17.19,17.59,17.89,18.07,18.07,17.51,17.46,17.06,18.33,20.09,21.46,22.74,23.92,26.34,27.71,28.96
101,21.0,Luxembourg,0.79,0.80,0.80,0.81,0.81,0.82,0.83,0.83,0.84,0.86,0.86,0.86,0.87,0.87,0.88,0.88,0.88,0.89,0.89,0.89,0.89,0.89,0.89,0.89,0.90,0.90,LUX,1.72,1.70,2.01,1.99,2.82,3.99,3.07,4.39,6.73,5.86,6.85,3.43,1.31,1.27,1.36,1.89,2.09,3.64,3.97,3.74,3.66,3.73,4.15,5.72,6.88,9.03
102,162.0,Madagascar,0.00,0.00,0.00,0.00,0.00,0.00,0.00,0.00,0.00,0.00,0.46,0.46,0.46,0.47,0.47,0.48,0.48,0.49,0.50,0.50,0.50,0.50,0.51,0.51,0.51,0.51,MDG,85.65,84.86,85.23,85.52,82.79,82.94,82.51,77.26,76.29,78.22,78.40,80.00,83.48,80.60,79.86,80.47,84.34,83.34,82.33,83.18,81.93,78.84,76.40,72.74,72.03,70.17
103,172.0,Malawi,0.30,0.31,0.32,0.33,0.32,0.36,0.37,0.37,0.37,0.37,0.36,0.36,0.36,0.37,0.37,0.37,0.38,0.39,0.41,0.43,0.44,0.45,0.45,0.46,0.47,0.47,MWI,84.03,82.67,82.75,81.34,82.03,81.70,81.45,81.23,81.93,80.48,82.47,81.22,82.18,81.34,82.29,83.80,83.34,84.09,81.53,83.36,79.47,79.66,80.37,79.87,79.95,83.65
104,61.0,Malaysia,0.64,0.65,0.66,0.67,0.68,0.68,0.69,0.71,0.71,0.71,0.72,0.72,0.72,0.73,0.73,0.73,0.74,0.75,0.76,0.77,0.77,0.78,0.78,0.79,0.79,0.80,MYS,11.98,11.15,10.27,10.03,9.93,9.03,7.47,6.71,7.17,7.34,6.74,6.48,5.72,5.41,5.17,4.92,4.99,4.56,4.73,4.23,3.82,4.11,4.41,4.49,4.77,5.19
105,104.0,Maldives,0.00,0.00,0.00,0.00,0.00,0.55,0.56,0.57,0.59,0.60,0.61,0.62,0.62,0.63,0.64,0.63,0.65,0.65,0.66,0.66,0.67,0.68,0.69,0.69,0.70,0.71,MDV,4.46,4.45,3.13,3.82,4.02,3.32,3.16,2.72,3.03,2.20,2.13,2.05,1.63,1.97,1.53,1.76,1.44,1.38,1.36,1.26,1.16,1.14,1.04,1.04,0.90,1.01
106,184.0,Mali,0.23,0.24,0.24,0.25,0.26,0.26,0.27,0.28,0.29,0.30,0.31,0.32,0.33,0.34,0.35,0.36,0.37,0.37,0.39,0.40,0.40,0.41,0.41,0.41,0.41,0.41,MLI,88.64,88.62,87.98,87.50,87.80,88.07,87.85,87.73,85.60,85.32,85.39,85.33,85.91,86.44,85.84,85.80,82.67,78.89,76.24,72.71,69.13,66.65,64.93,62.41,64.59,61.53
107,28.0,Malta,0.74,0.75,0.75,0.76,0.76,0.76,0.77,0.77,0.78,0.79,0.79,0.79,0.80,0.80,0.81,0.83,0.83,0.83,0.83,0.83,0.85,0.85,0.85,0.86,0.87,0.88,MLT,0.00,0.00,0.00,0.00,0.00,0.00,0.00,0.00,0.00,0.00,0.00,0.00,0.09,0.10,0.12,0.18,0.21,0.27,0.25,0.26,1.39,2.03,2.60,2.58,3.93,5.36
109,161.0,Mauritania,0.38,0.38,0.39,0.40,0.41,0.42,0.43,0.43,0.44,0.45,0.45,0.45,0.45,0.46,0.47,0.47,0.48,0.48,0.48,0.49,0.49,0.49,0.50,0.51,0.52,0.52,MRT,47.00,46.66,46.42,46.06,45.49,45.25,43.88,43.81,46.01,43.93,44.41,44.18,42.13,40.17,38.59,38.77,39.12,35.63,35.80,33.43,34.00,33.28,31.84,34.20,32.02,32.16
110,66.0,Mauritius,0.62,0.63,0.63,0.64,0.64,0.65,0.65,0.66,0.66,0.67,0.67,0.68,0.69,0.70,0.70,0.71,0.72,0.73,0.73,0.74,0.75,0.76,0.77,0.78,0.79,0.79,MUS,47.07,43.34,43.16,38.77,35.43,38.83,35.56,36.44,33.53,21.05,20.42,20.08,17.93,18.90,19.08,17.74,16.49,15.77,12.82,12.87,13.66,12.14,11.61,11.44,10.63,11.54
111,76.0,Mexico,0.65,0.66,0.66,0.66,0.67,0.67,0.68,0.69,0.69,0.70,0.70,0.71,0.71,0.72,0.73,0.73,0.74,0.74,0.74,0.74,0.74,0.75,0.75,0.75,0.75,0.76,MEX,14.41,13.20,13.43,13.30,11.86,13.26,13.06,12.70,12.24,12.75,12.17,11.34,10.68,10.17,10.21,10.31,9.82,9.46,9.77,9.17,9.36,9.07,8.96,9.23,9.76,9.22
114,92.0,Mongolia,0.58,0.57,0.56,0.55,0.55,0.55,0.56,0.57,0.57,0.58,0.59,0.60,0.61,0.62,0.64,0.65,0.66,0.67,0.68,0.69,0.70,0.71,0.72,0.73,0.73,0.74,MNG,1.89,1.97,2.40,2.67,3.04,3.01,3.44,3.39,3.74,3.59,5.71,6.07,6.50,6.08,5.74,5.32,4.46,4.68,4.63,4.36,4.35,3.90,2.85,2.92,3.27,3.43
116,121.0,Morocco,0.46,0.46,0.47,0.47,0.48,0.49,0.50,0.50,0.51,0.52,0.53,0.54,0.55,0.56,0.57,0.58,0.59,0.60,0.60,0.61,0.62,0.63,0.64,0.65,0.65,0.66,MAR,19.48,19.56,18.14,17.64,17.06,17.16,17.85,17.52,16.88,15.41,15.26,15.12,14.94,15.70,23.51,20.66,18.65,16.97,15.12,14.76,14.41,12.35,11.40,12.05,11.72,11.32
117,180.0,Mozambique,0.22,0.22,0.21,0.22,0.23,0.23,0.26,0.27,0.28,0.29,0.30,0.31,0.32,0.33,0.34,0.35,0.36,0.37,0.38,0.39,0.40,0.39,0.40,0.41,0.42,0.43,MOZ,93.10,94.30,93.12,91.96,93.19,92.84,93.13,92.64,94.01,94.17,93.61,93.95,93.73,92.75,92.92,93.62,93.29,92.14,92.43,91.67,91.30,90.46,90.82,90.32,88.86,86.40
118,145.0,Myanmar,0.35,0.36,0.37,0.38,0.38,0.39,0.39,0.40,0.41,0.41,0.42,0.43,0.44,0.45,0.46,0.47,0.48,0.49,0.50,0.51,0.52,0.53,0.54,0.55,0.56,0.56,MMR,90.91,91.12,90.79,89.25,87.97,85.22,84.61,85.16,83.35,81.88,80.16,82.47,83.00,79.79,80.27,79.55,81.12,80.32,85.57,85.63,84.40,83.86,77.91,74.11,66.13,61.53
120,147.0,Nepal,0.38,0.39,0.40,0.40,0.41,0.41,0.42,0.43,0.43,0.44,0.45,0.45,0.46,0.46,0.47,0.47,0.48,0.49,0.50,0.51,0.53,0.53,0.55,0.56,0.56,0.57,NPL,95.12,94.19,94.16,93.55,92.38,91.73,91.52,90.71,90.49,88.05,88.28,87.76,89.94,89.44,90.30,89.52,91.25,91.31,90.47,88.93,87.29,86.95,84.70,86.25,84.37,85.26
121,10.0,Netherlands,0.83,0.83,0.83,0.84,0.86,0.86,0.87,0.87,0.87,0.87,0.88,0.88,0.88,0.88,0.89,0.89,0.90,0.90,0.91,0.91,0.91,0.92,0.92,0.92,0.93,0.93,NLD,1.20,1.17,1.21,1.21,1.26,1.28,1.29,1.51,1.57,1.65,1.75,1.78,1.93,1.92,2.24,2.77,3.15,3.72,3.97,4.41,3.87,4.70,4.96,5.02,5.66,5.89
122,14.0,New Zealand,0.82,0.82,0.83,0.84,0.85,0.85,0.86,0.86,0.86,0.86,0.87,0.87,0.88,0.89,0.89,0.89,0.89,0.89,0.90,0.90,0.90,0.90,0.91,0.91,0.91,0.91,NZL,30.03,29.68,27.61,29.25,30.20,30.58,29.45,27.65,29.59,28.66,28.96,26.88,28.77,28.11,30.56,29.27,29.38,29.12,28.16,30.23,31.32,32.13,30.47,30.01,30.32,30.79
123,126.0,Nicaragua,0.49,0.49,0.49,0.50,0.51,0.52,0.53,0.54,0.55,0.56,0.57,0.57,0.58,0.58,0.59,0.59,0.60,0.60,0.61,0.61,0.61,0.62,0.62,0.63,0.64,0.64,NIC,68.77,70.52,67.12,67.56,64.49,64.54,63.94,62.73,60.42,59.38,58.37,56.57,56.59,54.12,53.78,53.90,51.77,51.36,52.56,52.80,52.64,51.68,52.08,52.56,51.84,48.20
125,158.0,Nigeria,0.00,0.00,0.00,0.00,0.00,0.00,0.00,0.00,0.00,0.00,0.00,0.00,0.00,0.45,0.46,0.47,0.47,0.48,0.48,0.49,0.48,0.49,0.50,0.52,0.52,0.53,NGA,87.78,86.50,84.52,86.33,88.61,88.04,87.11,85.55,87.08,87.12,86.19,84.60,84.51,82.96,83.97,84.07,86.14,87.38,86.35,88.83,86.78,86.15,86.45,86.78,87.30,86.64
126,82.0,North Macedonia,0.00,0.00,0.00,0.00,0.00,0.00,0.00,0.00,0.00,0.00,0.67,0.67,0.68,0.69,0.69,0.70,0.71,0.71,0.73,0.73,0.73,0.74,0.74,0.74,0.75,0.75,MKD,2.41,4.42,16.01,14.85,16.58,17.80,14.21,15.90,15.07,17.68,19.38,15.17,14.63,17.29,18.20,18.95,19.65,15.70,15.59,18.47,22.33,18.64,18.28,21.20,21.20,24.22
127,1.0,Norway,0.85,0.86,0.86,0.87,0.89,0.88,0.89,0.89,0.91,0.91,0.92,0.92,0.92,0.92,0.93,0.93,0.94,0.94,0.94,0.94,0.94,0.94,0.94,0.95,0.94,0.95,NOR,59.17,60.78,61.38,61.10,60.40,60.05,57.85,58.84,59.52,59.41,60.19,59.61,59.49,56.26,56.87,58.59,57.06,57.39,58.49,56.77,56.42,56.53,58.28,57.73,57.20,57.77
128,47.0,Oman,0.00,0.00,0.00,0.00,0.00,0.00,0.00,0.00,0.00,0.00,0.70,0.72,0.72,0.73,0.74,0.75,0.75,0.76,0.78,0.79,0.79,0.80,0.80,0.81,0.81,0.83,OMN,0.00,0.00,0.00,0.00,0.00,0.00,0.00,0.00,0.00,0.00,0.00,0.00,0.00,0.00,0.00,0.00,0.00,0.00,0.00,0.00,0.00,0.00,0.00,0.00,0.00,0.00
129,152.0,Pakistan,0.40,0.41,0.41,0.42,0.42,0.43,0.43,0.44,0.44,0.45,0.45,0.46,0.46,0.47,0.49,0.50,0.50,0.51,0.51,0.52,0.52,0.53,0.53,0.54,0.55,0.55,PAK,57.50,58.09,55.98,54.15,54.20,53.12,52.17,51.94,51.60,50.23,50.96,51.32,51.09,49.71,47.51,47.52,46.51,44.28,45.99,45.77,46.72,46.07,46.52,47.46,46.60,46.48
132,67.0,Panama,0.66,0.67,0.67,0.68,0.68,0.69,0.69,0.70,0.71,0.71,0.72,0.72,0.73,0.73,0.73,0.74,0.74,0.75,0.76,0.76,0.76,0.76,0.77,0.78,0.78,0.78,PAN,43.59,41.26,40.22,40.41,38.31,35.28,37.35,37.04,31.97,34.22,34.40,31.09,34.70,33.84,33.38,27.04,26.94,26.49,30.55,26.22,19.94,19.14,20.62,20.31,19.77,21.23
133,155.0,Papua New Guinea,0.38,0.39,0.39,0.40,0.41,0.41,0.42,0.42,0.43,0.43,0.44,0.44,0.45,0.45,0.46,0.47,0.47,0.49,0.49,0.50,0.51,0.52,0.51,0.52,0.53,0.54,PNG,71.70,71.71,71.61,71.25,69.40,70.73,70.02,68.95,68.04,68.71,66.38,63.44,62.48,60.40,57.48,58.56,58.85,57.13,56.92,56.02,55.25,54.73,55.47,54.00,52.55,52.50
134,98.0,Paraguay,0.59,0.59,0.60,0.61,0.61,0.62,0.63,0.63,0.64,0.64,0.64,0.65,0.66,0.66,0.66,0.67,0.67,0.67,0.68,0.68,0.69,0.70,0.70,0.71,0.71,0.72,PRY,78.51,79.15,75.73,72.61,69.88,70.17,70.76,69.52,67.44,65.88,70.41,69.84,67.68,67.05,66.73,68.82,67.26,66.79,66.63,66.39,64.25,63.11,62.68,63.10,63.12,61.68
135,82.0,Peru,0.61,0.62,0.62,0.62,0.64,0.65,0.65,0.66,0.67,0.68,0.68,0.69,0.69,0.69,0.69,0.70,0.70,0.70,0.71,0.72,0.72,0.73,0.73,0.74,0.75,0.75,PER,39.43,39.91,37.31,37.08,35.93,33.28,31.71,31.74,32.69,30.68,32.16,34.84,34.17,34.82,32.61,32.73,33.88,32.37,25.72,28.06,30.80,29.55,28.25,25.98,26.00,25.50
136,106.0,Philippines,0.59,0.59,0.60,0.60,0.60,0.61,0.61,0.62,0.62,0.63,0.63,0.63,0.64,0.64,0.65,0.66,0.66,0.66,0.67,0.67,0.67,0.68,0.68,0.69,0.70,0.70,PHL,50.95,51.96,48.71,45.86,44.44,38.94,36.88,33.80,33.43,34.07,34.85,33.53,32.83,32.05,31.31,31.43,32.60,31.20,31.73,31.22,28.81,29.40,30.22,29.31,28.58,27.45
137,32.0,Poland,0.71,0.71,0.71,0.72,0.73,0.74,0.75,0.76,0.77,0.78,0.79,0.79,0.80,0.80,0.80,0.81,0.81,0.82,0.82,0.83,0.83,0.84,0.84,0.85,0.85,0.86,POL,2.50,2.06,2.30,6.13,6.20,6.33,5.87,5.98,6.54,6.41,6.93,7.29,7.49,7.29,7.31,7.21,7.18,7.28,8.01,8.84,9.49,10.44,10.92,11.41,11.57,11.91
138,40.0,Portugal,0.71,0.72,0.73,0.75,0.75,0.76,0.77,0.77,0.78,0.78,0.79,0.79,0.79,0.80,0.80,0.80,0.80,0.81,0.81,0.82,0.82,0.83,0.83,0.84,0.84,0.84,PRT,26.94,25.79,22.40,24.37,24.95,23.74,25.35,24.55,22.43,19.02,20.11,20.83,18.28,22.09,19.87,18.07,22.33,23.15,23.19,24.89,27.83,27.22,25.52,30.17,30.46,27.16
139,41.0,Qatar,0.76,0.75,0.76,0.77,0.78,0.79,0.80,0.81,0.81,0.81,0.82,0.82,0.82,0.83,0.83,0.84,0.83,0.84,0.84,0.84,0.83,0.84,0.85,0.86,0.85,0.85,QAT,0.00,0.00,0.00,0.00,0.00,0.00,0.00,0.00,0.00,0.00,0.00,0.00,0.00,0.00,0.00,0.00,0.00,0.00,0.00,0.00,0.00,0.00,0.00,0.00,0.00,0.00
140,52.0,Romania,0.70,0.69,0.68,0.68,0.68,0.69,0.69,0.69,0.70,0.70,0.71,0.71,0.72,0.73,0.74,0.76,0.77,0.78,0.80,0.80,0.80,0.80,0.80,0.80,0.80,0.81,ROU,3.36,4.97,5.58,7.20,7.64,8.60,11.92,15.75,16.28,17.73,16.37,13.39,14.41,15.67,17.28,18.51,17.41,18.18,20.39,22.18,24.10,21.11,21.55,23.09,24.33,23.70
141,49.0,Russian Federation,0.73,0.73,0.72,0.71,0.70,0.70,0.70,0.70,0.70,0.71,0.72,0.73,0.73,0.74,0.75,0.75,0.76,0.77,0.77,0.77,0.78,0.79,0.80,0.80,0.81,0.81,RUS,3.75,3.77,3.98,4.04,3.87,3.87,3.69,3.75,3.59,3.82,3.50,3.62,3.46,3.28,3.55,3.62,3.48,3.67,3.31,3.60,3.34,3.23,3.35,3.74,3.42,3.30
142,157.0,Rwanda,0.24,0.22,0.20,0.20,0.19,0.23,0.26,0.29,0.30,0.32,0.34,0.35,0.36,0.37,0.39,0.41,0.43,0.45,0.46,0.47,0.49,0.50,0.50,0.51,0.51,0.52,RWA,80.09,81.83,81.56,81.33,78.54,88.36,89.15,91.12,90.80,90.76,86.68,86.88,87.11,87.29,87.54,89.24,90.59,90.31,90.63,90.54,90.66,89.64,88.79,88.47,88.18,86.66
146,111.0,Samoa,0.62,0.62,0.62,0.63,0.61,0.61,0.62,0.62,0.63,0.63,0.64,0.65,0.65,0.66,0.67,0.67,0.67,0.68,0.68,0.68,0.69,0.69,0.70,0.70,0.70,0.70,WSM,46.20,46.24,45.70,46.14,46.15,45.22,44.75,44.84,44.98,44.71,45.37,44.07,44.95,44.58,44.62,45.13,45.04,45.94,45.97,45.69,46.75,39.82,40.12,42.25,42.34,34.32
147,137.0,Sao Tome and Principe,0.44,0.44,0.44,0.44,0.45,0.45,0.46,0.46,0.47,0.47,0.48,0.49,0.49,0.50,0.51,0.52,0.53,0.53,0.53,0.54,0.55,0.55,0.56,0.57,0.58,0.59,STP,50.93,50.93,54.18,54.06,54.01,53.94,55.63,56.08,55.06,56.68,54.73,55.47,55.34,51.81,48.92,47.94,47.33,47.69,46.04,45.41,43.76,43.12,41.25,41.40,41.81,41.06
148,36.0,Saudi Arabia,0.70,0.71,0.71,0.71,0.72,0.72,0.73,0.73,0.74,0.74,0.74,0.75,0.75,0.76,0.77,0.77,0.78,0.78,0.79,0.80,0.81,0.82,0.84,0.85,0.85,0.86,SAU,0.04,0.04,0.02,0.02,0.03,0.03,0.01,0.01,0.01,0.01,0.01,0.01,0.01,0.01,0.01,0.01,0.01,0.01,0.01,0.01,0.01,0.01,0.01,0.01,0.01,0.01
149,166.0,Senegal,0.38,0.38,0.38,0.38,0.38,0.38,0.38,0.38,0.38,0.39,0.39,0.41,0.41,0.42,0.43,0.43,0.44,0.45,0.46,0.46,0.47,0.48,0.49,0.49,0.50,0.50,SEN,55.55,55.27,53.66,55.09,54.75,53.18,52.47,50.67,48.02,45.85,47.52,45.83,44.48,44.72,40.80,41.23,44.20,40.63,40.47,51.96,50.26,48.66,50.37,43.59,43.36,42.71
150,63.0,Serbia,0.71,0.70,0.69,0.69,0.69,0.69,0.70,0.70,0.71,0.70,0.71,0.72,0.72,0.73,0.73,0.74,0.75,0.75,0.76,0.76,0.76,0.77,0.77,0.78,0.78,0.79,SRB,15.49,18.22,19.31,20.88,22.03,24.98,19.43,16.30,16.74,23.68,23.59,21.16,19.08,16.26,14.87,16.37,15.69,14.29,15.57,20.82,20.60,17.55,19.61,20.23,23.43,21.17
151,62.0,Seychelles,0.00,0.00,0.00,0.00,0.00,0.00,0.00,0.00,0.00,0.00,0.71,0.71,0.71,0.71,0.71,0.73,0.72,0.74,0.75,0.75,0.76,0.76,0.78,0.78,0.80,0.80,SYC,4.25,3.48,3.34,3.11,2.76,2.96,2.29,1.37,1.03,0.87,0.57,0.51,0.56,0.53,0.40,0.38,0.35,0.43,0.38,0.51,0.63,0.96,0.63,1.29,1.30,1.35
152,181.0,Sierra Leone,0.27,0.27,0.26,0.27,0.27,0.27,0.28,0.28,0.28,0.29,0.30,0.30,0.32,0.33,0.34,0.35,0.35,0.37,0.38,0.39,0.39,0.40,0.41,0.43,0.43,0.42,SLE,91.28,90.26,90.22,90.13,89.72,90.24,90.08,90.46,91.26,91.37,89.28,87.17,87.13,85.69,85.74,87.25,83.39,85.56,85.27,85.39,84.18,80.35,78.43,75.22,73.05,77.66
153,9.0,Singapore,0.72,0.73,0.74,0.75,0.76,0.77,0.78,0.79,0.80,0.81,0.82,0.82,0.83,0.84,0.85,0.87,0.87,0.88,0.88,0.89,0.91,0.91,0.92,0.92,0.93,0.93,SGP,0.19,0.50,0.53,0.52,0.48,0.45,0.46,0.43,0.43,0.43,0.33,0.60,0.58,0.58,0.53,0.54,0.52,0.50,0.53,0.48,0.48,0.47,0.50,0.56,0.62,0.71
155,24.0,Slovenia,0.83,0.81,0.77,0.76,0.76,0.78,0.79,0.80,0.81,0.82,0.82,0.83,0.84,0.85,0.86,0.86,0.87,0.87,0.88,0.88,0.88,0.88,0.88,0.88,0.89,0.89,SVN,12.35,13.13,13.90,12.36,12.34,11.49,11.09,10.23,11.09,10.95,15.86,14.99,14.10,14.18,15.41,14.57,14.41,14.09,13.85,19.03,19.50,18.59,19.70,22.01,22.30,20.88
156,153.0,Solomon Islands,0.00,0.00,0.00,0.00,0.00,0.00,0.00,0.00,0.00,0.49,0.48,0.48,0.49,0.49,0.50,0.50,0.52,0.52,0.52,0.51,0.52,0.53,0.55,0.55,0.55,0.56,SLB,59.01,58.96,59.55,60.05,60.50,59.98,59.92,62.87,63.47,66.76,66.90,66.55,66.50,65.21,65.75,67.08,66.46,64.01,64.30,64.01,63.49,63.67,63.53,63.43,62.99,63.31
157,113.0,South Africa,0.62,0.63,0.64,0.65,0.65,0.65,0.65,0.64,0.64,0.63,0.63,0.61,0.62,0.62,0.62,0.62,0.62,0.63,0.64,0.65,0.66,0.66,0.67,0.68,0.69,0.70,ZAF,16.63,17.47,18.36,18.59,18.56,18.11,17.44,17.11,17.27,18.22,18.51,19.12,18.32,17.51,16.76,16.25,16.37,15.81,15.99,15.57,17.08,16.98,16.63,16.10,16.59,17.15
159,25.0,Spain,0.75,0.76,0.77,0.78,0.79,0.80,0.81,0.81,0.81,0.82,0.82,0.83,0.83,0.83,0.84,0.84,0.85,0.85,0.86,0.86,0.86,0.87,0.87,0.88,0.88,0.89,ESP,10.54,9.92,8.22,9.08,9.24,8.26,10.06,9.15,8.94,7.68,7.88,8.93,7.42,8.90,8.03,7.29,8.47,9.01,9.74,12.22,14.40,14.75,15.77,16.95,17.35,16.25
160,71.0,Sri Lanka,0.62,0.63,0.64,0.64,0.65,0.65,0.66,0.66,0.67,0.68,0.69,0.69,0.70,0.71,0.71,0.72,0.73,0.73,0.74,0.74,0.75,0.76,0.76,0.77,0.77,0.77,LKA,78.09,77.96,75.28,74.19,70.58,69.94,64.41,65.90,64.15,63.25,64.16,62.93,62.10,61.30,61.61,60.08,62.17,60.20,61.57,63.51,61.84,59.25,60.69,59.87,57.59,52.88
161,168.0,Sudan,0.33,0.34,0.34,0.35,0.36,0.37,0.38,0.39,0.39,0.40,0.40,0.41,0.41,0.42,0.43,0.44,0.45,0.45,0.46,0.47,0.47,0.47,0.48,0.48,0.50,0.50,SDN,73.27,76.17,77.40,85.63,79.49,81.47,83.61,80.54,81.90,80.85,80.42,79.38,76.76,76.98,75.38,72.43,69.35,65.72,63.66,63.28,61.44,63.97,59.82,61.31,62.44,61.60
163,8.0,Sweden,0.82,0.82,0.82,0.84,0.85,0.86,0.86,0.87,0.89,0.89,0.90,0.90,0.90,0.91,0.90,0.90,0.90,0.91,0.90,0.90,0.91,0.91,0.91,0.93,0.93,0.93,SWE,34.06,32.46,33.23,34.39,31.35,33.91,31.36,35.62,35.66,34.79,40.01,37.66,36.15,34.91,35.82,39.99,41.13,42.92,44.87,47.08,45.98,46.49,49.95,48.83,49.69,53.25
164,2.0,Switzerland,0.83,0.83,0.84,0.84,0.84,0.85,0.85,0.86,0.87,0.88,0.89,0.89,0.89,0.90,0.90,0.91,0.91,0.92,0.92,0.93,0.93,0.93,0.94,0.94,0.94,0.94,CHE,17.12,17.47,17.30,18.36,18.69,18.07,17.12,17.82,17.50,18.81,18.63,19.20,18.69,18.56,18.64,19.31,18.66,19.93,20.24,20.75,21.46,21.56,22.96,22.99,23.42,25.29
165,154.0,Syrian Arab Republic,0.56,0.56,0.57,0.57,0.58,0.58,0.58,0.59,0.59,0.59,0.59,0.60,0.60,0.61,0.62,0.64,0.64,0.65,0.65,0.65,0.64,0.64,0.63,0.57,0.55,0.54,SYR,2.36,2.11,2.24,2.23,2.06,1.81,1.66,1.69,1.61,1.75,2.00,2.07,1.61,1.91,2.60,2.11,1.83,1.57,1.27,0.93,1.41,1.90,2.52,2.86,2.35,0.52
166,125.0,Tajikistan,0.60,0.60,0.58,0.56,0.53,0.53,0.52,0.52,0.53,0.53,0.54,0.55,0.56,0.57,0.58,0.59,0.60,0.60,0.62,0.62,0.63,0.63,0.64,0.64,0.64,0.64,TJK,29.64,31.00,37.38,43.96,57.26,60.58,62.67,56.82,55.81,59.73,62.41,64.07,64.16,64.61,61.43,63.74,61.58,53.80,54.62,60.58,61.83,59.98,55.08,57.92,45.76,44.66
168,77.0,Thailand,0.57,0.58,0.59,0.60,0.60,0.61,0.62,0.62,0.63,0.64,0.65,0.66,0.67,0.67,0.68,0.69,0.69,0.71,0.71,0.72,0.72,0.73,0.73,0.73,0.74,0.75,THA,33.64,33.02,31.82,26.43,23.87,22.70,21.16,21.25,21.65,21.31,21.99,20.04,20.07,20.34,20.02,20.25,20.69,21.61,22.49,22.66,22.65,22.76,23.29,22.94,24.10,22.86
170,167.0,Togo,0.41,0.41,0.40,0.39,0.40,0.41,0.42,0.42,0.42,0.42,0.43,0.43,0.43,0.43,0.43,0.44,0.44,0.44,0.45,0.46,0.47,0.48,0.48,0.49,0.49,0.50,TGO,78.70,82.09,85.79,91.50,81.55,81.52,73.09,79.56,77.75,73.12,77.11,82.06,78.67,74.79,76.14,77.22,79.66,79.94,76.52,63.40,65.83,69.16,72.74,72.40,72.16,71.26
171,105.0,Tonga,0.65,0.65,0.65,0.66,0.66,0.67,0.67,0.67,0.67,0.67,0.67,0.67,0.68,0.69,0.67,0.67,0.68,0.68,0.68,0.69,0.69,0.70,0.70,0.70,0.70,0.71,TON,1.49,1.25,1.57,1.43,1.23,1.16,1.46,1.26,1.24,1.03,2.48,2.70,2.48,2.01,2.15,2.17,1.87,2.17,1.99,1.82,1.01,1.14,1.15,1.58,1.70,1.88
172,63.0,Trinidad and Tobago,0.67,0.67,0.67,0.68,0.68,0.69,0.69,0.70,0.70,0.72,0.72,0.73,0.73,0.74,0.75,0.75,0.77,0.78,0.78,0.79,0.79,0.79,0.78,0.79,0.79,0.80,TTO,1.19,1.31,1.28,1.35,1.27,1.19,1.00,0.94,0.90,0.86,0.76,0.68,0.64,0.60,0.63,0.53,0.62,0.37,0.36,0.40,0.33,0.36,0.32,0.31,0.28,0.28
173,91.0,Tunisia,0.57,0.57,0.58,0.59,0.60,0.61,0.62,0.62,0.64,0.65,0.65,0.66,0.67,0.67,0.68,0.69,0.69,0.70,0.71,0.71,0.72,0.72,0.72,0.72,0.73,0.73,TUN,14.48,14.79,14.19,13.87,14.20,14.37,14.38,14.44,14.50,14.49,14.23,14.22,14.55,14.13,13.92,14.18,14.32,14.32,14.61,16.07,12.69,13.33,13.08,13.25,12.93,12.56
174,59.0,Turkey,0.58,0.58,0.59,0.60,0.60,0.61,0.61,0.62,0.64,0.64,0.66,0.66,0.67,0.68,0.69,0.69,0.70,0.71,0.71,0.72,0.74,0.76,0.77,0.78,0.79,0.80,TUR,24.51,24.18,24.22,23.83,24.24,22.10,21.24,20.84,21.63,20.56,17.27,18.11,17.46,16.28,16.77,15.30,14.25,12.48,12.42,13.33,14.33,12.78,12.83,13.85,11.61,13.37
175,108.0,Turkmenistan,0.00,0.00,0.00,0.00,0.00,0.00,0.00,0.00,0.00,0.00,0.00,0.00,0.00,0.00,0.00,0.00,0.00,0.00,0.00,0.00,0.67,0.68,0.69,0.69,0.70,0.70,TKM,0.28,0.32,0.00,0.00,0.00,0.00,0.00,0.00,0.10,0.09,0.09,0.09,0.09,0.08,0.08,0.07,0.09,0.07,0.07,0.08,0.07,0.07,0.04,0.04,0.04,0.04
176,159.0,Uganda,0.31,0.31,0.30,0.31,0.31,0.32,0.34,0.35,0.36,0.38,0.40,0.40,0.42,0.43,0.43,0.43,0.45,0.46,0.47,0.48,0.49,0.49,0.50,0.50,0.51,0.52,UGA,96.02,96.04,96.12,96.23,96.84,95.97,95.66,94.68,94.09,94.14,93.91,94.15,94.32,94.23,93.92,92.81,92.42,92.31,92.28,92.44,91.61,91.09,91.27,90.75,90.22,89.06
177,88.0,Ukraine,0.70,0.70,0.69,0.68,0.67,0.66,0.66,0.66,0.67,0.67,0.67,0.68,0.69,0.70,0.71,0.71,0.72,0.73,0.73,0.73,0.73,0.74,0.74,0.74,0.75,0.74,UKR,0.65,0.70,0.60,0.89,1.11,0.98,0.90,1.03,1.58,1.45,1.25,1.23,1.03,0.97,1.19,1.25,1.73,2.39,2.72,2.96,2.88,2.74,2.86,3.49,3.50,4.14
178,35.0,United Arab Emirates,0.72,0.73,0.74,0.74,0.76,0.76,0.77,0.77,0.77,0.78,0.78,0.79,0.79,0.80,0.80,0.81,0.81,0.82,0.82,0.82,0.82,0.83,0.83,0.84,0.85,0.86,ARE,0.00,0.00,0.19,0.15,0.12,0.11,0.08,0.08,0.07,0.07,0.08,0.06,0.07,0.07,0.10,0.11,0.12,0.11,0.11,0.11,0.11,0.11,0.10,0.11,0.15,0.14
179,15.0,United Kingdom,0.78,0.79,0.80,0.81,0.83,0.84,0.84,0.85,0.85,0.86,0.87,0.87,0.87,0.88,0.89,0.89,0.89,0.89,0.90,0.90,0.91,0.90,0.90,0.91,0.92,0.92,GBR,0.65,0.61,0.84,0.78,1.02,1.06,0.94,1.03,1.03,0.95,0.96,0.85,0.97,0.93,1.14,1.35,1.55,1.84,2.78,3.38,3.64,4.40,4.75,6.02,7.40,8.71
180,15.0,United States,0.86,0.86,0.00,0.87,0.88,0.88,0.88,0.00,0.88,0.89,0.88,0.88,0.89,0.89,0.89,0.90,0.90,0.90,0.91,0.91,0.91,0.91,0.92,0.91,0.92,0.92,USA,4.18,4.51,4.76,4.28,4.09,4.73,4.76,4.51,4.53,5.71,5.43,4.68,4.84,5.33,5.48,5.84,6.40,6.30,6.85,7.35,7.51,8.16,8.48,8.71,8.75,8.72
181,57.0,Uruguay,0.69,0.70,0.70,0.70,0.71,0.71,0.72,0.73,0.73,0.74,0.74,0.74,0.75,0.75,0.75,0.76,0.76,0.76,0.77,0.78,0.77,0.78,0.79,0.80,0.80,0.80,URY,44.81,43.73,43.40,42.76,42.25,41.07,37.57,37.68,36.90,33.30,38.80,40.95,43.04,43.11,38.32,39.91,35.66,41.46,43.28,45.29,52.82,48.84,46.92,50.75,55.39,58.02
182,108.0,Uzbekistan,0.00,0.00,0.00,0.00,0.00,0.00,0.00,0.00,0.00,0.00,0.60,0.60,0.61,0.61,0.62,0.63,0.64,0.65,0.65,0.66,0.67,0.67,0.68,0.69,0.69,0.70,UZB,1.33,1.21,1.39,1.60,1.56,1.46,1.65,1.44,1.21,1.17,1.22,1.22,1.19,1.53,1.85,1.86,1.93,1.35,2.33,2.22,2.64,2.25,2.38,2.87,2.90,2.97
183,141.0,Vanuatu,0.00,0.00,0.00,0.00,0.00,0.00,0.00,0.00,0.00,0.00,0.00,0.00,0.00,0.00,0.00,0.57,0.57,0.58,0.58,0.58,0.58,0.58,0.58,0.59,0.59,0.59,VUT,24.16,24.92,26.95,27.12,27.58,27.20,20.45,19.61,21.30,48.91,48.65,47.42,51.92,50.45,64.06,64.26,69.57,42.25,47.60,38.78,38.38,36.64,40.31,42.57,32.14,36.11
187,143.0,Zambia,0.42,0.42,0.42,0.42,0.42,0.42,0.42,0.42,0.42,0.42,0.43,0.44,0.45,0.46,0.46,0.47,0.49,0.49,0.51,0.52,0.53,0.54,0.55,0.56,0.56,0.57,ZMB,82.98,82.25,82.71,85.14,86.86,87.11,89.64,87.01,87.76,89.84,89.99,89.81,89.65,89.36,89.50,89.00,89.84,92.96,92.18,92.09,92.10,90.90,88.63,88.48,88.03,87.99
188,150.0,Zimbabwe,0.50,0.50,0.48,0.48,0.48,0.47,0.47,0.47,0.46,0.46,0.45,0.45,0.44,0.43,0.43,0.42,0.43,0.43,0.43,0.45,0.47,0.49,0.52,0.53,0.54,0.54,ZWE,63.98,63.74,64.37,64.42,68.53,67.06,66.74,67.39,67.84,64.41,69.26,71.53,74.29,77.83,81.58,80.15,78.65,78.08,82.03,83.15,82.88,79.57,78.02,79.56,81.05,81.80
